"","id","name","logo","output$form","output$league$season","played.home","played.away","played.total","wins.home","wins.away","wins.total","draws.home","draws.away","draws.total","loses.home","loses.away","loses.total","home","away","total","home","away","total"
"1",25,"Germany","https://media.api-sports.io/football/teams/25.png","WLWWWLW",2010,4,3,7,2,3,5,0,0,0,2,0,2,8,8,16,3,2,5
"2",15,"Switzerland","https://media.api-sports.io/football/teams/15.png","WLD",2010,1,2,3,0,1,1,1,0,1,0,1,1,0,1,1,0,1,1
"3",9,"Spain","https://media.api-sports.io/football/teams/9.png","LWWWWWW",2010,3,4,7,2,4,6,0,0,0,1,0,1,3,5,8,1,1,2
"4",768,"Italy","https://media.api-sports.io/football/teams/768.png","DDL",2010,2,1,3,0,0,0,2,0,2,0,1,1,2,2,4,2,3,5
"5",1091,"Slovenia","https://media.api-sports.io/football/teams/1091.png","WDL",2010,2,1,3,0,1,1,1,0,1,1,0,1,2,1,3,3,0,3
"6",21,"Denmark","https://media.api-sports.io/football/teams/21.png","LWL",2010,1,2,3,0,1,1,0,0,0,1,1,2,1,2,3,3,3,6
"7",14,"Serbia","https://media.api-sports.io/football/teams/14.png","LWL",2010,1,2,3,0,1,1,0,0,0,1,1,2,0,2,2,1,2,3
"8",10,"England","https://media.api-sports.io/football/teams/10.png","DDWL",2010,2,2,4,0,1,1,2,0,2,0,1,1,1,2,3,1,4,5
"9",1118,"Netherlands","https://media.api-sports.io/football/teams/1118.png","WWWWWWL",2010,5,2,7,4,2,6,0,0,0,1,0,1,7,5,12,3,3,6
"10",2,"France","https://media.api-sports.io/football/teams/2.png","DLL",2010,2,1,3,0,0,0,0,1,1,2,0,2,1,0,1,4,0,4
"11",773,"Slovakia","https://media.api-sports.io/football/teams/773.png","DLWL",2010,2,2,4,1,0,1,0,1,1,1,1,2,3,2,5,4,3,7
"12",27,"Portugal","https://media.api-sports.io/football/teams/27.png","DWDL",2010,2,2,4,1,0,1,1,1,2,0,1,1,7,0,7,0,1,1
"13",25,"Germany","https://media.api-sports.io/football/teams/25.png","WDWWWWW",2014,4,3,7,3,3,6,1,0,1,0,0,0,9,9,18,3,1,4
"14",15,"Switzerland","https://media.api-sports.io/football/teams/15.png","WLWL",2014,2,2,4,1,1,2,0,0,0,1,1,2,4,3,7,6,1,7
"15",9,"Spain","https://media.api-sports.io/football/teams/9.png","LLW",2014,2,1,3,0,1,1,0,0,0,2,0,2,1,3,4,7,0,7
"16",3,"Croatia","https://media.api-sports.io/football/teams/3.png","LWL",2014,1,2,3,0,1,1,0,0,0,1,1,2,1,5,6,3,3,6
"17",768,"Italy","https://media.api-sports.io/football/teams/768.png","WLL",2014,2,1,3,0,1,1,0,0,0,2,0,2,0,2,2,2,1,3
"18",10,"England","https://media.api-sports.io/football/teams/10.png","LLD",2014,1,2,3,0,0,0,0,1,1,1,1,2,1,1,2,2,2,4
"19",1118,"Netherlands","https://media.api-sports.io/football/teams/1118.png","WWWWDDW",2014,4,3,7,2,3,5,2,0,2,0,0,0,4,11,15,1,3,4
"20",2,"France","https://media.api-sports.io/football/teams/2.png","WWDWL",2014,3,2,5,2,1,3,0,1,1,1,0,1,5,5,10,1,2,3
"21",1,"Belgium","https://media.api-sports.io/football/teams/1.png","WWWWL",2014,3,2,5,3,1,4,0,0,0,0,1,1,5,1,6,2,1,3
"22",27,"Portugal","https://media.api-sports.io/football/teams/27.png","LDW",2014,1,2,3,1,0,1,0,1,1,0,1,1,2,2,4,1,6,7
"23",25,"Germany","https://media.api-sports.io/football/teams/25.png","LWL",2018,2,1,3,1,0,1,0,0,0,1,1,2,2,0,2,2,2,4
"24",15,"Switzerland","https://media.api-sports.io/football/teams/15.png","DWDL",2018,1,3,4,0,1,1,1,1,2,0,1,1,2,3,5,2,3,5
"25",9,"Spain","https://media.api-sports.io/football/teams/9.png","DWDD",2018,2,2,4,0,1,1,2,1,3,0,0,0,3,4,7,3,3,6
"26",3,"Croatia","https://media.api-sports.io/football/teams/3.png","WWWDDWL",2018,3,4,7,2,2,4,1,1,2,0,1,1,5,9,14,2,7,9
"27",21,"Denmark","https://media.api-sports.io/football/teams/21.png","WDDD",2018,2,2,4,0,1,1,2,1,3,0,0,0,1,2,3,1,1,2
"28",14,"Serbia","https://media.api-sports.io/football/teams/14.png","WLL",2018,2,1,3,0,1,1,0,0,0,2,0,2,1,1,2,4,0,4
"29",10,"England","https://media.api-sports.io/football/teams/10.png","WWLDWLL",2018,2,5,7,1,2,3,0,1,1,1,2,3,6,6,12,2,6,8
"30",24,"Poland","https://media.api-sports.io/football/teams/24.png","LLW",2018,2,1,3,0,1,1,0,0,0,2,0,2,1,1,2,5,0,5
"31",2,"France","https://media.api-sports.io/football/teams/2.png","WWDWWWW",2018,5,2,7,5,1,6,0,1,1,0,0,0,12,2,14,6,0,6
"32",1,"Belgium","https://media.api-sports.io/football/teams/1.png","WWWWWLW",2018,4,3,7,4,2,6,0,0,0,0,1,1,13,3,16,4,2,6
"33",27,"Portugal","https://media.api-sports.io/football/teams/27.png","DWDL",2018,2,2,4,1,0,1,1,1,2,0,1,1,4,2,6,3,3,6
"34",25,"Germany","https://media.api-sports.io/football/teams/25.png","LDW",2022,1,2,3,0,1,1,0,1,1,1,0,1,1,5,6,2,3,5
"35",15,"Switzerland","https://media.api-sports.io/football/teams/15.png","WLWL",2022,1,3,4,1,1,2,0,0,0,0,2,2,1,4,5,0,9,9
"36",9,"Spain","https://media.api-sports.io/football/teams/9.png","WDLD",2022,2,2,4,1,0,1,1,1,2,0,1,1,8,1,9,1,2,3
"37",3,"Croatia","https://media.api-sports.io/football/teams/3.png","DWDDDLW",2022,4,3,7,2,0,2,2,2,4,0,1,1,7,1,8,3,4,7
"38",21,"Denmark","https://media.api-sports.io/football/teams/21.png","DLL",2022,1,2,3,0,0,0,1,0,1,0,2,2,0,1,1,0,3,3
"39",14,"Serbia","https://media.api-sports.io/football/teams/14.png","LDL",2022,1,2,3,0,0,0,0,1,1,1,1,2,2,3,5,3,5,8
"40",10,"England","https://media.api-sports.io/football/teams/10.png","WDWWL",2022,4,1,5,2,1,3,1,0,1,1,0,1,10,3,13,4,0,4
"41",24,"Poland","https://media.api-sports.io/football/teams/24.png","DWLL",2022,2,2,4,1,0,1,0,1,1,1,1,2,2,1,3,2,3,5
"42",1118,"Netherlands","https://media.api-sports.io/football/teams/1118.png","WDWWD",2022,4,1,5,2,1,3,2,0,2,0,0,0,8,2,10,4,0,4
"43",2,"France","https://media.api-sports.io/football/teams/2.png","WWLWWWD",2022,4,3,7,4,1,5,0,1,1,0,1,1,11,5,16,3,5,8
"44",1,"Belgium","https://media.api-sports.io/football/teams/1.png","WLD",2022,2,1,3,1,0,1,0,1,1,1,0,1,1,0,1,2,0,2
"45",27,"Portugal","https://media.api-sports.io/football/teams/27.png","WWLWL",2022,3,2,5,3,0,3,0,0,0,0,2,2,11,1,12,3,3,6
"46",25,"Germany","https://media.api-sports.io/football/teams/25.png","WLWWWL",2008,3,3,6,2,2,4,0,0,0,1,1,2,5,5,10,3,4,7
"47",15,"Switzerland","https://media.api-sports.io/football/teams/15.png","LLW",2008,3,0,3,1,0,1,0,0,0,2,0,2,3,0,3,3,0,3
"48",9,"Spain","https://media.api-sports.io/football/teams/9.png","WWWDWW",2008,2,4,6,1,4,5,1,0,1,0,0,0,4,8,12,1,2,3
"49",3,"Croatia","https://media.api-sports.io/football/teams/3.png","WWWD",2008,2,2,4,1,2,3,1,0,1,0,0,0,3,2,5,2,0,2
"50",768,"Italy","https://media.api-sports.io/football/teams/768.png","LDWD",2008,1,3,4,0,1,1,1,1,2,0,1,1,1,2,3,1,3,4
"51",24,"Poland","https://media.api-sports.io/football/teams/24.png","LDL",2008,1,2,3,0,0,0,0,1,1,1,1,2,0,1,1,1,3,4
"52",1118,"Netherlands","https://media.api-sports.io/football/teams/1118.png","WWWL",2008,4,0,4,3,0,3,0,0,0,1,0,1,10,0,10,4,0,4
"53",775,"Austria","https://media.api-sports.io/football/teams/775.png","LDL",2008,3,0,3,0,0,0,1,0,1,2,0,2,1,0,1,3,0,3
"54",2,"France","https://media.api-sports.io/football/teams/2.png","DLL",2008,1,2,3,0,0,0,0,1,1,1,1,2,0,1,1,2,4,6
"55",774,"Romania","https://media.api-sports.io/football/teams/774.png","DDL",2008,1,2,3,0,0,0,1,1,2,0,1,1,0,1,1,0,3,3
"56",777,"Turkey","https://media.api-sports.io/football/teams/777.png","LWWDL",2008,1,4,5,1,1,2,0,1,1,0,2,2,3,5,8,2,7,9
"57",27,"Portugal","https://media.api-sports.io/football/teams/27.png","WWLL",2008,2,2,4,1,1,2,0,0,0,1,1,2,4,3,7,3,3,6
"58",770,"Czech Republic","https://media.api-sports.io/football/teams/770.png","WLL",2008,1,2,3,0,1,1,0,0,0,1,1,2,1,3,4,3,3,6
"59",25,"Germany","https://media.api-sports.io/football/teams/25.png","WWWWL",2012,3,2,5,2,2,4,0,0,0,1,0,1,6,4,10,4,2,6
"60",9,"Spain","https://media.api-sports.io/football/teams/9.png","DWWWDW",2012,4,2,6,3,1,4,1,1,2,0,0,0,11,1,12,1,0,1
"61",3,"Croatia","https://media.api-sports.io/football/teams/3.png","WDL",2012,1,2,3,0,1,1,0,1,1,1,0,1,0,4,4,1,2,3
"62",768,"Italy","https://media.api-sports.io/football/teams/768.png","DDWDWL",2012,2,4,6,1,1,2,1,2,3,0,1,1,3,3,6,1,6,7
"63",21,"Denmark","https://media.api-sports.io/football/teams/21.png","WLL",2012,2,1,3,0,1,1,0,0,0,2,0,2,3,1,4,5,0,5
"64",10,"England","https://media.api-sports.io/football/teams/10.png","DWWD",2012,2,2,4,1,1,2,1,1,2,0,0,0,1,4,5,0,3,3
"65",24,"Poland","https://media.api-sports.io/football/teams/24.png","DDL",2012,2,1,3,0,0,0,2,0,2,0,1,1,2,0,2,2,1,3
"66",1118,"Netherlands","https://media.api-sports.io/football/teams/1118.png","LLL",2012,2,1,3,0,0,0,0,0,0,2,1,3,1,1,2,3,2,5
"67",2,"France","https://media.api-sports.io/football/teams/2.png","DWLL",2012,1,3,4,0,1,1,1,0,1,0,2,2,1,2,3,1,4,5
"68",772,"Ukraine","https://media.api-sports.io/football/teams/772.png","WLL",2012,2,1,3,1,0,1,0,0,0,1,1,2,2,0,2,3,1,4
"69",27,"Portugal","https://media.api-sports.io/football/teams/27.png","LWWWD",2012,2,3,5,1,2,3,1,0,1,0,1,1,2,4,6,1,3,4
"70",770,"Czech Republic","https://media.api-sports.io/football/teams/770.png","LWWL",2012,2,2,4,1,1,2,0,0,0,1,1,2,1,3,4,1,5,6
"71",25,"Germany","https://media.api-sports.io/football/teams/25.png","WDWWDL",2016,5,1,6,2,1,3,2,0,2,1,0,1,6,1,7,3,0,3
"72",769,"Hungary","https://media.api-sports.io/football/teams/769.png","WDDL",2016,2,2,4,0,1,1,1,1,2,1,0,1,3,3,6,7,1,8
"73",15,"Switzerland","https://media.api-sports.io/football/teams/15.png","WDDD",2016,2,2,4,0,1,1,2,1,3,0,0,0,1,2,3,1,1,2
"74",9,"Spain","https://media.api-sports.io/football/teams/9.png","WWLL",2016,2,2,4,2,0,2,0,0,0,0,2,2,4,1,5,0,4,4
"75",3,"Croatia","https://media.api-sports.io/football/teams/3.png","WDWL",2016,2,2,4,1,1,2,0,1,1,1,0,1,2,3,5,2,2,4
"76",768,"Italy","https://media.api-sports.io/football/teams/768.png","WWLWD",2016,3,2,5,2,1,3,0,1,1,1,0,1,3,3,6,1,1,2
"77",778,"Albania","https://media.api-sports.io/football/teams/778.png","LLW",2016,1,2,3,0,1,1,0,0,0,1,1,2,0,1,1,1,2,3
"78",10,"England","https://media.api-sports.io/football/teams/10.png","DWDL",2016,3,1,4,1,0,1,1,1,2,1,0,1,4,0,4,4,0,4
"79",24,"Poland","https://media.api-sports.io/football/teams/24.png","WDWDD",2016,2,3,5,1,1,2,1,2,3,0,0,0,2,2,4,1,1,2
"80",775,"Austria","https://media.api-sports.io/football/teams/775.png","LDL",2016,1,2,3,0,0,0,0,1,1,1,1,2,0,1,1,2,2,4
"81",2,"France","https://media.api-sports.io/football/teams/2.png","WWDWWWL",2016,4,3,7,4,1,5,0,1,1,0,1,1,11,2,13,4,1,5
"82",1,"Belgium","https://media.api-sports.io/football/teams/1.png","LWWWL",2016,2,3,5,1,2,3,0,0,0,1,1,2,3,6,9,2,3,5
"83",773,"Slovakia","https://media.api-sports.io/football/teams/773.png","LWDL",2016,1,3,4,0,1,1,1,0,1,0,2,2,0,3,3,0,6,6
"84",774,"Romania","https://media.api-sports.io/football/teams/774.png","LDL",2016,2,1,3,0,0,0,1,0,1,1,1,2,1,1,2,2,2,4
"85",772,"Ukraine","https://media.api-sports.io/football/teams/772.png","LLL",2016,2,1,3,0,0,0,0,0,0,2,1,3,0,0,0,3,2,5
"86",777,"Turkey","https://media.api-sports.io/football/teams/777.png","LLW",2016,1,2,3,0,1,1,0,0,0,1,1,2,0,2,2,1,3,4
"87",27,"Portugal","https://media.api-sports.io/football/teams/27.png","DDDWDWW",2016,4,3,7,2,1,3,2,2,4,0,0,0,4,5,9,1,4,5
"88",770,"Czech Republic","https://media.api-sports.io/football/teams/770.png","LDL",2016,2,1,3,0,0,0,1,0,1,1,1,2,2,0,2,4,1,5
"89",25,"Germany","https://media.api-sports.io/football/teams/25.png","WWWLWWWWLWDL",2020,5,7,12,3,5,8,1,0,1,1,2,3,22,14,36,7,7,14
"90",1108,"Scotland","https://media.api-sports.io/football/teams/1108.png","LWWLLLLWWWDDLDL",2020,7,8,15,3,2,5,1,2,3,3,4,7,12,6,18,10,15,25
"91",769,"Hungary","https://media.api-sports.io/football/teams/769.png","LWWWLLWLWWLDD",2020,7,6,13,4,2,6,1,1,2,2,3,5,8,8,16,8,11,19
"92",15,"Switzerland","https://media.api-sports.io/football/teams/15.png","WDDWLWWWDLWDD",2020,6,7,13,4,2,6,2,3,5,0,2,2,14,13,27,5,10,15
"93",9,"Spain","https://media.api-sports.io/football/teams/9.png","WWWWWWDDWWDDWWDD",2020,7,9,16,5,5,10,2,4,6,0,0,0,22,22,44,2,9,11
"94",3,"Croatia","https://media.api-sports.io/football/teams/3.png","WLWWDWDWLDWL",2020,7,5,12,5,1,6,1,2,3,1,2,3,17,7,24,10,5,15
"95",768,"Italy","https://media.api-sports.io/football/teams/768.png","WWWWWWWWWWWWWWWDD",2020,10,7,17,8,7,15,2,0,2,0,0,0,29,21,50,5,3,8
"96",778,"Albania","https://media.api-sports.io/football/teams/778.png","LWLWLWLWDL",2020,5,5,10,2,2,4,1,0,1,2,3,5,8,8,16,8,6,14
"97",1091,"Slovenia","https://media.api-sports.io/football/teams/1091.png","DDLWWWLLWL",2020,5,5,10,3,1,4,1,1,2,1,3,4,7,9,16,4,7,11
"98",21,"Denmark","https://media.api-sports.io/football/teams/21.png","DDWWDWWDLLWWWL",2020,6,8,14,3,4,7,1,3,4,2,1,3,14,21,35,5,8,13
"99",14,"Serbia","https://media.api-sports.io/football/teams/14.png","DLWLWWWDWD",2020,5,5,10,2,3,5,2,1,3,1,1,2,12,8,20,10,9,19
"100",10,"England","https://media.api-sports.io/football/teams/10.png","WWWWLWWWWDWWWWD",2020,8,7,15,7,5,12,1,1,2,0,1,1,26,22,48,4,4,8
"101",24,"Poland","https://media.api-sports.io/football/teams/24.png","WWWWLDWWWWLDL",2020,6,7,13,4,4,8,1,1,2,1,2,3,12,10,22,4,7,11
"102",1118,"Netherlands","https://media.api-sports.io/football/teams/1118.png","WLWWWWDWWWWL",2020,7,5,12,5,4,9,0,1,1,2,0,2,19,13,32,8,3,11
"103",775,"Austria","https://media.api-sports.io/football/teams/775.png","LLWWWDWWWLWLWL",2020,6,8,14,5,3,8,0,1,1,1,4,5,15,9,24,4,10,14
"104",2,"France","https://media.api-sports.io/football/teams/2.png","WWLWWWWDWWWDDD",2020,7,7,14,5,4,9,2,2,4,0,1,1,18,14,32,6,6,12
"105",1,"Belgium","https://media.api-sports.io/football/teams/1.png","WWWWWWWWWWWWWWL",2020,8,7,15,7,7,14,0,0,0,1,0,1,29,20,49,4,2,6
"106",773,"Slovakia","https://media.api-sports.io/football/teams/773.png","WLWLWDLWDWWLL",2020,6,7,13,2,4,6,2,0,2,2,3,5,5,12,17,10,9,19
"107",774,"Romania","https://media.api-sports.io/football/teams/774.png","LWDWLWWDLLL",2020,5,6,11,2,2,4,1,1,2,2,3,5,7,11,18,6,11,17
"108",772,"Ukraine","https://media.api-sports.io/football/teams/772.png","DWWWWWWDLWLWL",2020,7,6,13,5,3,8,0,2,2,2,1,3,12,11,23,7,7,14
"109",777,"Turkey","https://media.api-sports.io/football/teams/777.png","WWWLWWWDDWLLL",2020,7,6,13,4,3,7,1,1,2,2,2,4,8,11,19,5,6,11
"110",1104,"Georgia","https://media.api-sports.io/football/teams/1104.png","LLWLDDWLWL",2020,6,4,10,2,1,3,2,0,2,2,3,5,4,4,8,3,9,12
"111",27,"Portugal","https://media.api-sports.io/football/teams/27.png","DDWWWLWWWLDL",2020,6,6,12,2,4,6,3,0,3,1,2,3,14,15,29,7,6,13
"112",770,"Czech Republic","https://media.api-sports.io/football/teams/770.png","LWWLWWWLWDLWL",2020,6,7,13,4,3,7,0,1,1,2,3,5,10,9,19,6,9,15
"113",25,"Germany","https://media.api-sports.io/football/teams/25.png","DLLD",2018,2,2,4,0,0,0,2,0,2,0,2,2,2,1,3,2,5,7
"114",1108,"Scotland","https://media.api-sports.io/football/teams/1108.png","WLWW",2018,2,2,4,2,1,3,0,0,0,0,1,1,5,5,10,2,2,4
"115",769,"Hungary","https://media.api-sports.io/football/teams/769.png","LWLDWW",2018,3,3,6,3,0,3,0,1,1,0,2,2,6,3,9,1,5,6
"116",15,"Switzerland","https://media.api-sports.io/football/teams/15.png","WLWWLD",2018,3,3,6,2,1,3,1,0,1,0,2,2,11,4,15,2,6,8
"117",9,"Spain","https://media.api-sports.io/football/teams/9.png","WWLL",2018,2,2,4,1,1,2,0,0,0,1,1,2,8,4,12,3,4,7
"118",3,"Croatia","https://media.api-sports.io/football/teams/3.png","LDWL",2018,2,2,4,1,0,1,1,0,1,0,2,2,3,1,4,2,8,10
"119",768,"Italy","https://media.api-sports.io/football/teams/768.png","DLWD",2018,2,2,4,0,1,1,2,0,2,0,1,1,1,1,2,1,1,2
"120",778,"Albania","https://media.api-sports.io/football/teams/778.png","WLLL",2018,2,2,4,1,0,1,0,0,0,1,2,3,1,0,1,4,4,8
"121",1091,"Slovenia","https://media.api-sports.io/football/teams/1091.png","LLLDDD",2018,3,3,6,0,0,0,2,1,3,1,2,3,3,2,5,4,4,8
"122",21,"Denmark","https://media.api-sports.io/football/teams/21.png","WDWD",2018,2,2,4,1,1,2,1,1,2,0,0,0,2,2,4,0,1,1
"123",14,"Serbia","https://media.api-sports.io/football/teams/14.png","WDWDWW",2018,3,3,6,2,2,4,1,1,2,0,0,0,8,3,11,4,0,4
"124",10,"England","https://media.api-sports.io/football/teams/10.png","LDWWLD",2018,2,4,6,1,1,2,0,2,2,1,1,2,3,4,7,3,5,8
"125",24,"Poland","https://media.api-sports.io/football/teams/24.png","DLLD",2018,2,2,4,0,0,0,0,2,2,2,0,2,2,2,4,4,2,6
"126",1118,"Netherlands","https://media.api-sports.io/football/teams/1118.png","LWWDWL",2018,3,3,6,3,0,3,0,1,1,0,2,2,8,3,11,1,5,6
"127",775,"Austria","https://media.api-sports.io/football/teams/775.png","LWDW",2018,2,2,4,1,1,2,1,0,1,0,1,1,1,2,3,0,2,2
"128",2,"France","https://media.api-sports.io/football/teams/2.png","DWWL",2018,2,2,4,2,0,2,0,1,1,0,1,1,4,0,4,2,2,4
"129",1,"Belgium","https://media.api-sports.io/football/teams/1.png","WWWL",2018,2,2,4,2,1,3,0,0,0,0,1,1,4,5,9,1,5,6
"130",773,"Slovakia","https://media.api-sports.io/football/teams/773.png","LLWL",2018,2,2,4,1,0,1,0,0,0,1,2,3,5,0,5,3,2,5
"131",774,"Romania","https://media.api-sports.io/football/teams/774.png","DDWDWW",2018,3,3,6,1,2,3,2,1,3,0,0,0,3,5,8,0,3,3
"132",772,"Ukraine","https://media.api-sports.io/football/teams/772.png","WWWL",2018,2,2,4,2,1,3,0,0,0,0,1,1,2,3,5,0,5,5
"133",777,"Turkey","https://media.api-sports.io/football/teams/777.png","LWLL",2018,2,2,4,0,1,1,0,0,0,2,1,3,1,3,4,3,4,7
"134",1104,"Georgia","https://media.api-sports.io/football/teams/1104.png","WWWWDW",2018,3,3,6,3,2,5,0,1,1,0,0,0,6,6,12,1,1,2
"135",27,"Portugal","https://media.api-sports.io/football/teams/27.png","WWDDWW",2018,4,2,6,3,1,4,1,1,2,0,0,0,6,3,9,2,2,4
"136",770,"Czech Republic","https://media.api-sports.io/football/teams/770.png","LWLW",2018,2,2,4,1,1,2,0,0,0,1,1,2,2,2,4,2,2,4
"137",25,"Germany","https://media.api-sports.io/football/teams/25.png","DDWDWL",2020,3,3,6,1,1,2,2,1,3,0,1,1,7,3,10,5,8,13
"138",1108,"Scotland","https://media.api-sports.io/football/teams/1108.png","DWWWLL",2020,3,3,6,2,1,3,1,0,1,0,2,2,3,2,5,1,3,4
"139",769,"Hungary","https://media.api-sports.io/football/teams/769.png","WLWDDW",2020,3,3,6,1,2,3,1,1,2,1,0,1,5,2,7,4,0,4
"140",15,"Switzerland","https://media.api-sports.io/football/teams/15.png","LDLDDW",2020,3,3,6,1,0,1,2,1,3,0,2,2,5,4,9,2,6,8
"141",9,"Spain","https://media.api-sports.io/football/teams/9.png","DWWLDWWL",2020,4,4,8,3,1,4,0,2,2,1,1,2,12,4,16,2,4,6
"142",3,"Croatia","https://media.api-sports.io/football/teams/3.png","LLWLLL",2020,3,3,6,1,0,1,0,0,0,2,3,5,5,4,9,6,10,16
"143",768,"Italy","https://media.api-sports.io/football/teams/768.png","DWDDWWLW",2020,5,3,8,2,2,4,2,1,3,1,0,1,7,3,10,5,0,5
"144",778,"Albania","https://media.api-sports.io/football/teams/778.png","WLDDWW",2020,3,3,6,2,1,3,0,2,2,1,0,1,6,2,8,4,0,4
"145",1091,"Slovenia","https://media.api-sports.io/football/teams/1091.png","DWWWWD",2020,3,3,6,2,2,4,1,1,2,0,0,0,3,5,8,1,0,1
"146",21,"Denmark","https://media.api-sports.io/football/teams/21.png","LDWWWL",2020,3,3,6,1,2,3,1,0,1,1,1,2,2,6,8,3,4,7
"147",14,"Serbia","https://media.api-sports.io/football/teams/14.png","LDLDDW",2020,3,3,6,1,0,1,1,2,3,1,1,2,5,4,9,1,6,7
"148",10,"England","https://media.api-sports.io/football/teams/10.png","WDWLLW",2020,3,3,6,2,1,3,0,1,1,1,1,2,6,1,7,2,2,4
"149",24,"Poland","https://media.api-sports.io/football/teams/24.png","LWDWLL",2020,3,3,6,1,1,2,1,0,1,1,2,3,4,2,6,2,4,6
"150",1118,"Netherlands","https://media.api-sports.io/football/teams/1118.png","WLDDWW",2020,3,3,6,2,1,3,0,2,2,1,0,1,4,3,7,2,2,4
"151",775,"Austria","https://media.api-sports.io/football/teams/775.png","WLWWWD",2020,3,3,6,1,3,4,1,0,1,1,0,1,5,4,9,5,1,6
"152",2,"France","https://media.api-sports.io/football/teams/2.png","WWDWWWWW",2020,3,5,8,2,5,7,1,0,1,0,0,0,8,9,17,4,4,8
"153",1,"Belgium","https://media.api-sports.io/football/teams/1.png","WWLWWWLL",2020,4,4,8,3,2,5,0,0,0,1,2,3,13,6,19,6,5,11
"154",773,"Slovakia","https://media.api-sports.io/football/teams/773.png","LDLLWL",2020,3,3,6,1,0,1,0,1,1,2,2,4,4,1,5,6,4,10
"155",774,"Romania","https://media.api-sports.io/football/teams/774.png","DWLLWD",2020,3,3,6,1,1,2,1,1,2,1,1,2,4,4,8,2,7,9
"156",772,"Ukraine","https://media.api-sports.io/football/teams/772.png","WLLWLL",2020,3,3,6,2,0,2,0,0,0,1,3,4,4,1,5,3,10,13
"157",777,"Turkey","https://media.api-sports.io/football/teams/777.png","LDDDWL",2020,3,3,6,1,0,1,1,2,3,1,1,2,5,1,6,5,3,8
"158",1104,"Georgia","https://media.api-sports.io/football/teams/1104.png","WDDDLD",2020,3,3,6,0,1,1,2,2,4,1,0,1,2,4,6,3,3,6
"159",27,"Portugal","https://media.api-sports.io/football/teams/27.png","WWDWLW",2020,3,3,6,2,2,4,0,1,1,1,0,1,7,5,12,2,2,4
"160",770,"Czech Republic","https://media.api-sports.io/football/teams/770.png","WLWLWW",2020,3,3,6,2,2,4,0,0,0,1,1,2,4,5,9,2,3,5
"161",25,"Germany","https://media.api-sports.io/football/teams/25.png","DDDWLD",2022,3,3,6,1,0,1,1,3,4,1,0,1,6,5,11,4,5,9
"162",1108,"Scotland","https://media.api-sports.io/football/teams/1108.png","WLWWWD",2022,3,3,6,3,1,4,0,1,1,0,1,1,7,4,11,1,4,5
"163",769,"Hungary","https://media.api-sports.io/football/teams/769.png","WLDWWL",2022,3,3,6,1,2,3,1,0,1,1,1,2,2,6,8,3,2,5
"164",15,"Switzerland","https://media.api-sports.io/football/teams/15.png","LLLWWW",2022,3,3,6,2,1,3,0,0,0,1,2,3,3,3,6,2,7,9
"165",9,"Spain","https://media.api-sports.io/football/teams/9.png","DDWWLWWW",2022,4,4,8,2,3,5,1,1,2,1,0,1,6,5,11,4,2,6
"166",3,"Croatia","https://media.api-sports.io/football/teams/3.png","LDWWWWWL",2022,4,4,8,1,4,5,1,0,1,2,0,2,3,9,12,6,3,9
"167",768,"Italy","https://media.api-sports.io/football/teams/768.png","DWDLWWLW",2022,3,5,8,2,2,4,1,1,2,0,2,2,4,8,12,2,9,11
"168",778,"Albania","https://media.api-sports.io/football/teams/778.png","DLLD",2022,2,2,4,0,0,0,1,1,2,1,1,2,2,2,4,3,3,6
"169",1091,"Slovenia","https://media.api-sports.io/football/teams/1091.png","LLDDWD",2022,3,3,6,1,0,1,1,2,3,1,1,2,4,2,6,5,5,10
"170",21,"Denmark","https://media.api-sports.io/football/teams/21.png","WWLWLW",2022,3,3,6,2,2,4,0,0,0,1,1,2,4,5,9,1,4,5
"171",14,"Serbia","https://media.api-sports.io/football/teams/14.png","LWWDWW",2022,3,3,6,2,2,4,0,1,1,1,0,1,8,5,13,3,2,5
"172",10,"England","https://media.api-sports.io/football/teams/10.png","LDDLLD",2022,3,3,6,0,0,0,2,1,3,1,2,3,3,1,4,7,3,10
"173",24,"Poland","https://media.api-sports.io/football/teams/24.png","WLDLLW",2022,3,3,6,1,1,2,0,1,1,2,1,3,2,4,6,4,8,12
"174",1118,"Netherlands","https://media.api-sports.io/football/teams/1118.png","WWDWWWLL",2022,5,3,8,2,3,5,1,0,1,2,0,2,10,8,18,11,2,13
"175",775,"Austria","https://media.api-sports.io/football/teams/775.png","WLDLLL",2022,3,3,6,0,1,1,1,0,1,2,2,4,3,3,6,6,4,10
"176",2,"France","https://media.api-sports.io/football/teams/2.png","LDDLWL",2022,3,3,6,1,0,1,0,2,2,2,1,3,3,2,5,3,4,7
"177",1,"Belgium","https://media.api-sports.io/football/teams/1.png","LWDWWL",2022,3,3,6,2,1,3,0,1,1,1,1,2,9,2,11,6,2,8
"178",773,"Slovakia","https://media.api-sports.io/football/teams/773.png","WLWLLD",2022,3,3,6,0,2,2,1,0,1,2,1,3,2,3,5,4,2,6
"179",774,"Romania","https://media.api-sports.io/football/teams/774.png","LLWLDW",2022,3,3,6,2,0,2,0,1,1,1,2,3,5,1,6,4,4,8
"180",772,"Ukraine","https://media.api-sports.io/football/teams/772.png","WWDLWD",2022,3,3,6,1,2,3,2,0,2,0,1,1,4,6,10,1,3,4
"181",777,"Turkey","https://media.api-sports.io/football/teams/777.png","WWWWDL",2022,3,3,6,2,2,4,1,0,1,0,1,1,9,9,18,3,2,5
"182",1104,"Georgia","https://media.api-sports.io/football/teams/1104.png","WWWDWW",2022,3,3,6,2,3,5,1,0,1,0,0,0,6,10,16,0,3,3
"183",27,"Portugal","https://media.api-sports.io/football/teams/27.png","DWWLWL",2022,3,3,6,2,1,3,0,1,1,1,1,2,6,5,11,1,2,3
"184",770,"Czech Republic","https://media.api-sports.io/football/teams/770.png","WDLLLL",2022,3,3,6,1,0,1,1,0,1,1,3,4,4,1,5,7,6,13
"185",25,"Germany","https://media.api-sports.io/football/teams/25.png","WWWWWWWWWW",2018,5,5,10,5,5,10,0,0,0,0,0,0,23,20,43,1,3,4
"186",1108,"Scotland","https://media.api-sports.io/football/teams/1108.png","WDLLWDWWWD",2018,5,5,10,3,2,5,2,1,3,0,2,2,7,10,17,3,9,12
"187",769,"Hungary","https://media.api-sports.io/football/teams/769.png","DLWWLLWLLW",2018,5,5,10,3,1,4,0,1,1,2,3,5,10,4,14,5,9,14
"188",15,"Switzerland","https://media.api-sports.io/football/teams/15.png","WWWWWWWWWLWD",2018,6,6,12,5,5,10,1,0,1,0,1,1,13,11,24,2,5,7
"189",9,"Spain","https://media.api-sports.io/football/teams/9.png","WDWWWWWWWW",2018,5,5,10,5,4,9,0,1,1,0,0,0,22,14,36,1,2,3
"190",3,"Croatia","https://media.api-sports.io/football/teams/3.png","DWWWWLWLDWWD",2018,6,6,12,4,3,7,2,1,3,0,2,2,10,9,19,3,2,5
"191",768,"Italy","https://media.api-sports.io/football/teams/768.png","WDWWWWLWDWLD",2018,6,6,12,3,4,7,3,0,3,0,2,2,10,11,21,2,7,9
"192",778,"Albania","https://media.api-sports.io/football/teams/778.png","WWLLLWWDLL",2018,5,5,10,2,2,4,0,1,1,3,2,5,4,6,10,7,6,13
"193",1091,"Slovenia","https://media.api-sports.io/football/teams/1091.png","DWDWLWLWLD",2018,5,5,10,3,1,4,2,1,3,0,3,3,9,3,12,2,5,7
"194",21,"Denmark","https://media.api-sports.io/football/teams/21.png","WLLWDWWWWDDW",2018,6,6,12,3,4,7,2,1,3,1,1,2,10,15,25,3,6,9
"195",14,"Serbia","https://media.api-sports.io/football/teams/14.png","DWWDWDWWLW",2018,5,5,10,3,3,6,2,1,3,0,1,1,10,10,20,5,5,10
"196",10,"England","https://media.api-sports.io/football/teams/10.png","WWDWWDWWWW",2018,5,5,10,5,3,8,0,2,2,0,0,0,10,8,18,1,2,3
"197",24,"Poland","https://media.api-sports.io/football/teams/24.png","DWWWWWLWWW",2018,5,5,10,5,3,8,0,1,1,0,1,1,15,13,28,6,8,14
"198",1118,"Netherlands","https://media.api-sports.io/football/teams/1118.png","DWLWLWLWWW",2018,5,5,10,4,2,6,0,1,1,1,2,3,14,7,21,3,9,12
"199",775,"Austria","https://media.api-sports.io/football/teams/775.png","WDLLWDLDWW",2018,5,5,10,2,2,4,2,1,3,1,2,3,8,6,14,6,6,12
"200",2,"France","https://media.api-sports.io/football/teams/2.png","DWWWWLWDWW",2018,5,5,10,4,3,7,1,1,2,0,1,1,12,6,18,3,3,6
"201",1,"Belgium","https://media.api-sports.io/football/teams/1.png","WWWWDWWWWW",2018,5,5,10,4,5,9,1,0,1,0,0,0,26,17,43,2,4,6
"202",773,"Slovakia","https://media.api-sports.io/football/teams/773.png","LLWWWWWLLW",2018,5,5,10,4,2,6,0,0,0,1,3,4,11,6,17,1,6,7
"203",774,"Romania","https://media.api-sports.io/football/teams/774.png","DWDLDLWLWD",2018,5,5,10,2,1,3,2,2,4,1,2,3,5,7,12,5,5,10
"204",772,"Ukraine","https://media.api-sports.io/football/teams/772.png","DDWWLWWLWL",2018,5,5,10,3,2,5,1,1,2,1,2,3,7,6,13,3,6,9
"205",777,"Turkey","https://media.api-sports.io/football/teams/777.png","DDLWWWLWLD",2018,5,5,10,3,1,4,1,2,3,1,2,3,7,7,14,5,8,13
"206",1104,"Georgia","https://media.api-sports.io/football/teams/1104.png","LLDDLDDDLL",2018,5,5,10,0,0,0,2,3,5,3,2,5,4,4,8,8,6,14
"207",27,"Portugal","https://media.api-sports.io/football/teams/27.png","LWWWWWWWWW",2018,5,5,10,5,4,9,0,0,0,0,1,1,20,12,32,2,2,4
"208",770,"Czech Republic","https://media.api-sports.io/football/teams/770.png","DLDWWDLLWW",2018,5,5,10,2,2,4,2,1,3,1,2,3,8,9,17,3,7,10
"209",25,"Germany","https://media.api-sports.io/football/teams/25.png","WWLWWWWWWW",2020,5,5,10,4,5,9,0,0,0,1,0,1,21,15,36,3,1,4
"210",1108,"Scotland","https://media.api-sports.io/football/teams/1108.png","DDWLWWWWWWL",2020,6,5,11,4,3,7,1,1,2,1,1,2,13,5,18,7,3,10
"211",769,"Hungary","https://media.api-sports.io/football/teams/769.png","DWWLLWLDWW",2020,5,5,10,2,3,5,1,1,2,2,1,3,9,10,19,9,4,13
"212",15,"Switzerland","https://media.api-sports.io/football/teams/15.png","WWDDWWDW",2020,4,4,8,3,2,5,1,2,3,0,0,0,7,8,15,0,2,2
"213",9,"Spain","https://media.api-sports.io/football/teams/9.png","DWWLWWWW",2020,4,4,8,3,3,6,1,0,1,0,1,1,9,6,15,2,3,5
"214",3,"Croatia","https://media.api-sports.io/football/teams/3.png","LWWDWWWDWW",2020,5,5,10,4,3,7,1,1,2,0,1,1,10,11,21,2,2,4
"215",768,"Italy","https://media.api-sports.io/football/teams/768.png","WWWDDWDDL",2020,5,4,9,2,2,4,2,2,4,1,0,1,9,4,13,3,0,3
"216",778,"Albania","https://media.api-sports.io/football/teams/778.png","WLWLWWWLLW",2020,5,5,10,3,3,6,0,0,0,2,2,4,7,5,12,3,9,12
"217",1091,"Slovenia","https://media.api-sports.io/football/teams/1091.png","WLLDWLWLDW",2020,5,5,10,3,1,4,1,1,2,1,3,4,6,7,13,4,8,12
"218",21,"Denmark","https://media.api-sports.io/football/teams/21.png","WWWWWWWWWL",2020,5,5,10,5,4,9,0,0,0,0,1,1,19,11,30,1,2,3
"219",14,"Serbia","https://media.api-sports.io/football/teams/14.png","WDWWDWWW",2020,4,4,8,3,3,6,1,1,2,0,0,0,12,6,18,6,3,9
"220",10,"England","https://media.api-sports.io/football/teams/10.png","WWWWWDWDWW",2020,5,5,10,4,4,8,1,1,2,0,0,0,17,22,39,2,1,3
"221",24,"Poland","https://media.api-sports.io/football/teams/24.png","DWLWWDWWWLW",2020,6,5,11,4,3,7,1,1,2,1,1,2,16,16,32,4,7,11
"222",1118,"Netherlands","https://media.api-sports.io/football/teams/1118.png","LWWDWWWWDW",2020,5,5,10,5,2,7,0,2,2,0,1,1,20,13,33,1,7,8
"223",775,"Austria","https://media.api-sports.io/football/teams/775.png","DWLWLLWLWWL",2020,5,6,11,3,2,5,0,1,1,2,3,5,11,9,20,9,10,19
"224",2,"France","https://media.api-sports.io/football/teams/2.png","DWWDDWWW",2020,4,4,8,2,3,5,2,1,3,0,0,0,12,6,18,2,1,3
"225",1,"Belgium","https://media.api-sports.io/football/teams/1.png","WDWWWWWD",2020,4,4,8,4,2,6,0,2,2,0,0,0,17,8,25,2,4,6
"226",773,"Slovakia","https://media.api-sports.io/football/teams/773.png","DDWDLWLDDW",2020,5,5,10,2,1,3,2,3,5,1,1,2,8,9,17,6,4,10
"227",774,"Romania","https://media.api-sports.io/football/teams/774.png","WLLWWDLWDW",2020,5,5,10,3,2,5,1,1,2,1,2,3,6,7,13,3,5,8
"228",772,"Ukraine","https://media.api-sports.io/football/teams/772.png","DDDDDWDWWL",2020,4,6,10,0,3,3,4,2,6,0,1,1,4,10,14,4,6,10
"229",777,"Turkey","https://media.api-sports.io/football/teams/777.png","WWDDWLDWWWL",2020,5,6,11,2,4,6,3,0,3,0,2,2,16,12,28,8,11,19
"230",1104,"Georgia","https://media.api-sports.io/football/teams/1104.png","LLDLLLWW",2020,4,4,8,1,1,2,0,1,1,3,2,5,3,3,6,5,7,12
"231",27,"Portugal","https://media.api-sports.io/football/teams/27.png","WDWWWWDLWW",2020,6,4,10,5,2,7,0,2,2,1,0,1,14,8,22,4,3,7
"232",770,"Czech Republic","https://media.api-sports.io/football/teams/770.png","WDLWLDWWL",2020,4,5,9,2,2,4,2,0,2,0,3,3,6,8,14,3,7,10
"233",25,"Germany","https://media.api-sports.io/football/teams/25.png","WDDD",2017,2,2,4,1,0,1,1,2,3,0,0,0,3,1,4,2,1,3
"234",1108,"Scotland","https://media.api-sports.io/football/teams/1108.png","DL",2017,2,0,2,0,0,0,1,0,1,1,0,1,1,0,1,2,0,2
"235",769,"Hungary","https://media.api-sports.io/football/teams/769.png","LLW",2017,2,1,3,1,0,1,0,0,0,1,1,2,1,1,2,3,2,5
"236",15,"Switzerland","https://media.api-sports.io/football/teams/15.png","W",2017,1,0,1,1,0,1,0,0,0,0,0,0,1,0,1,0,0,0
"237",9,"Spain","https://media.api-sports.io/football/teams/9.png","WDWD",2017,2,2,4,1,1,2,1,1,2,0,0,0,7,5,12,2,3,5
"238",3,"Croatia","https://media.api-sports.io/football/teams/3.png","LW",2017,0,2,2,0,1,1,0,0,0,0,1,1,0,2,2,0,4,4
"239",768,"Italy","https://media.api-sports.io/football/teams/768.png","WWW",2017,2,1,3,2,1,3,0,0,0,0,0,0,11,2,13,0,1,1
"240",778,"Albania","https://media.api-sports.io/football/teams/778.png","LLW",2017,1,2,3,0,1,1,0,0,0,1,1,2,1,4,5,2,4,6
"241",1091,"Slovenia","https://media.api-sports.io/football/teams/1091.png","DW",2017,1,1,2,1,0,1,0,1,1,0,0,0,2,0,2,0,0,0
"242",21,"Denmark","https://media.api-sports.io/football/teams/21.png","D",2017,1,0,1,0,0,0,1,0,1,0,0,0,1,0,1,1,0,1
"243",14,"Serbia","https://media.api-sports.io/football/teams/14.png","DWD",2017,0,3,3,0,1,1,0,2,2,0,0,0,0,3,3,0,1,1
"244",10,"England","https://media.api-sports.io/football/teams/10.png","LLDD",2017,2,2,4,0,0,0,2,0,2,0,2,2,0,2,2,0,4,4
"245",24,"Poland","https://media.api-sports.io/football/teams/24.png","DL",2017,2,0,2,0,0,0,1,0,1,1,0,1,0,0,0,1,0,1
"246",1118,"Netherlands","https://media.api-sports.io/football/teams/1118.png","LWWWW",2017,2,3,5,1,3,4,0,0,0,1,0,1,6,6,12,2,1,3
"247",775,"Austria","https://media.api-sports.io/football/teams/775.png","DW",2017,2,0,2,1,0,1,1,0,1,0,0,0,3,0,3,2,0,2
"248",2,"France","https://media.api-sports.io/football/teams/2.png","LWWWD",2017,4,1,5,3,0,3,0,1,1,1,0,1,10,2,12,4,2,6
"249",1,"Belgium","https://media.api-sports.io/football/teams/1.png","DWDW",2017,3,1,4,2,0,2,1,1,2,0,0,0,6,3,9,4,3,7
"250",773,"Slovakia","https://media.api-sports.io/football/teams/773.png","LLLW",2017,2,2,4,1,0,1,0,0,0,1,2,3,2,1,3,3,8,11
"251",774,"Romania","https://media.api-sports.io/football/teams/774.png","WWL",2017,3,0,3,2,0,2,0,0,0,1,0,1,5,0,5,5,0,5
"252",772,"Ukraine","https://media.api-sports.io/football/teams/772.png","LW",2017,2,0,2,1,0,1,0,0,0,1,0,1,2,0,2,2,0,2
"253",777,"Turkey","https://media.api-sports.io/football/teams/777.png","WDLL",2017,2,2,4,1,0,1,0,1,1,1,1,2,5,0,5,4,2,6
"254",1104,"Georgia","https://media.api-sports.io/football/teams/1104.png","DLWWWD",2017,4,2,6,3,0,3,1,1,2,0,1,1,11,2,13,2,3,5
"255",27,"Portugal","https://media.api-sports.io/football/teams/27.png","LWWD",2017,4,0,4,2,0,2,1,0,1,1,0,1,10,0,10,4,0,4
"256",770,"Czech Republic","https://media.api-sports.io/football/teams/770.png","WLWW",2017,1,3,4,1,2,3,0,0,0,0,1,1,3,4,7,0,3,3
"257",25,"Germany","https://media.api-sports.io/football/teams/25.png","DLLWWW",2018,5,1,6,3,0,3,1,0,1,1,1,2,8,1,9,4,2,6
"258",1108,"Scotland","https://media.api-sports.io/football/teams/1108.png","LWLLLL",2018,3,3,6,0,1,1,0,0,0,3,2,5,1,1,2,8,3,11
"259",769,"Hungary","https://media.api-sports.io/football/teams/769.png","LLDL",2018,3,1,4,0,0,0,0,1,1,3,0,3,3,1,4,6,1,7
"260",15,"Switzerland","https://media.api-sports.io/football/teams/15.png","WWDWLL",2018,3,3,6,2,1,3,0,1,1,1,1,2,8,2,10,1,2,3
"261",9,"Spain","https://media.api-sports.io/football/teams/9.png","DWDWWW",2018,3,3,6,2,2,4,1,1,2,0,0,0,8,6,14,2,2,4
"262",3,"Croatia","https://media.api-sports.io/football/teams/3.png","LWLWDW",2018,2,4,6,2,1,3,0,1,1,0,2,2,4,2,6,2,5,7
"263",768,"Italy","https://media.api-sports.io/football/teams/768.png","LDWLDDW",2018,4,3,7,2,0,2,2,1,3,0,2,2,5,2,7,3,6,9
"264",778,"Albania","https://media.api-sports.io/football/teams/778.png","LLLDW",2018,5,0,5,1,0,1,1,0,1,3,0,3,2,0,2,8,0,8
"265",1091,"Slovenia","https://media.api-sports.io/football/teams/1091.png","LLW",2018,1,2,3,0,1,1,0,0,0,1,1,2,0,2,2,2,3,5
"266",21,"Denmark","https://media.api-sports.io/football/teams/21.png","WDDWLW",2018,4,2,6,3,0,3,1,1,2,0,1,1,5,0,5,0,3,3
"267",14,"Serbia","https://media.api-sports.io/football/teams/14.png","LWLW",2018,3,1,4,1,1,2,0,0,0,2,0,2,6,2,8,4,0,4
"268",10,"England","https://media.api-sports.io/football/teams/10.png","WDWWWW",2018,5,1,6,4,1,5,1,0,1,0,0,0,9,1,10,2,0,2
"269",24,"Poland","https://media.api-sports.io/football/teams/24.png","LWDWDL",2018,6,0,6,2,0,2,2,0,2,2,0,2,10,0,10,7,0,7
"270",1118,"Netherlands","https://media.api-sports.io/football/teams/1118.png","LWDDWD",2018,2,4,6,1,1,2,0,3,3,1,0,1,2,6,8,2,3,5
"271",775,"Austria","https://media.api-sports.io/football/teams/775.png","WWWWLWL",2018,5,2,7,4,1,5,0,0,0,1,1,2,8,4,12,4,2,6
"272",2,"France","https://media.api-sports.io/football/teams/2.png","LWWWDDW",2018,6,1,7,3,1,4,2,0,2,1,0,1,11,3,14,7,1,8
"273",1,"Belgium","https://media.api-sports.io/football/teams/1.png","WDWWWD",2018,5,1,6,3,1,4,2,0,2,0,0,0,12,4,16,2,0,2
"274",773,"Slovakia","https://media.api-sports.io/football/teams/773.png","DLWD",2018,2,2,4,1,0,1,1,1,2,0,1,1,4,2,6,1,3,4
"275",774,"Romania","https://media.api-sports.io/football/teams/774.png","WWWW",2018,3,1,4,3,1,4,0,0,0,0,0,0,6,2,8,2,1,3
"276",772,"Ukraine","https://media.api-sports.io/football/teams/772.png","DWDWDD",2018,0,6,6,0,2,2,0,4,4,0,0,0,0,8,8,0,4,4
"277",777,"Turkey","https://media.api-sports.io/football/teams/777.png","WDWDDDD",2018,4,3,7,2,0,2,2,3,5,0,0,0,3,5,8,1,5,6
"278",1104,"Georgia","https://media.api-sports.io/football/teams/1104.png","WWWL",2018,3,1,4,3,0,3,0,0,0,0,1,1,7,0,7,0,1,1
"279",27,"Portugal","https://media.api-sports.io/football/teams/27.png","WLDDWDW",2018,5,2,7,2,1,3,2,1,3,1,0,1,8,3,11,7,1,8
"280",770,"Czech Republic","https://media.api-sports.io/football/teams/770.png","LWLW",2018,0,4,4,0,2,2,0,0,0,0,2,2,0,3,3,0,9,9
"281",25,"Germany","https://media.api-sports.io/football/teams/25.png","DD",2019,2,0,2,0,0,0,2,0,2,0,0,0,3,0,3,3,0,3
"282",769,"Hungary","https://media.api-sports.io/football/teams/769.png","LL",2019,1,1,2,0,0,0,0,0,0,1,1,2,1,1,2,2,2,4
"283",3,"Croatia","https://media.api-sports.io/football/teams/3.png","LW",2019,2,0,2,1,0,1,0,0,0,1,0,1,3,0,3,3,0,3
"284",21,"Denmark","https://media.api-sports.io/football/teams/21.png","DW",2019,1,1,2,1,0,1,0,1,1,0,0,0,4,2,6,0,2,2
"285",14,"Serbia","https://media.api-sports.io/football/teams/14.png","DW",2019,1,1,2,1,0,1,0,1,1,0,0,0,1,1,2,0,1,1
"286",2,"France","https://media.api-sports.io/football/teams/2.png","W",2019,1,0,1,1,0,1,0,0,0,0,0,0,2,0,2,0,0,0
"287",773,"Slovakia","https://media.api-sports.io/football/teams/773.png","WD",2019,2,0,2,1,0,1,1,0,1,0,0,0,6,0,6,2,0,2
"288",772,"Ukraine","https://media.api-sports.io/football/teams/772.png","DW",2019,2,0,2,1,0,1,1,0,1,0,0,0,3,0,3,2,0,2
"289",777,"Turkey","https://media.api-sports.io/football/teams/777.png","WW",2019,2,0,2,2,0,2,0,0,0,0,0,0,4,0,4,1,0,1
"290",1104,"Georgia","https://media.api-sports.io/football/teams/1104.png","DL",2019,0,2,2,0,0,0,0,1,1,0,1,1,0,3,3,0,4,4
"291",770,"Czech Republic","https://media.api-sports.io/football/teams/770.png","LL",2019,2,0,2,0,0,0,0,0,0,2,0,2,3,0,3,6,0,6
"292",25,"Germany","https://media.api-sports.io/football/teams/25.png","DW",2020,2,0,2,1,0,1,1,0,1,0,0,0,4,0,4,3,0,3
"293",15,"Switzerland","https://media.api-sports.io/football/teams/15.png","LL",2020,1,1,2,0,0,0,0,0,0,1,1,2,1,1,2,2,2,4
"294",9,"Spain","https://media.api-sports.io/football/teams/9.png","DD",2020,0,2,2,0,0,0,0,2,2,0,0,0,0,1,1,0,1,1
"295",3,"Croatia","https://media.api-sports.io/football/teams/3.png","WD",2020,0,2,2,0,1,1,0,1,1,0,0,0,0,5,5,0,4,4
"296",768,"Italy","https://media.api-sports.io/football/teams/768.png","WW",2020,2,0,2,2,0,2,0,0,0,0,0,0,10,0,10,0,0,0
"297",778,"Albania","https://media.api-sports.io/football/teams/778.png","W",2020,1,0,1,1,0,1,0,0,0,0,0,0,2,0,2,1,0,1
"298",1091,"Slovenia","https://media.api-sports.io/football/teams/1091.png","WD",2020,2,0,2,1,0,1,1,0,1,0,0,0,4,0,4,0,0,0
"299",21,"Denmark","https://media.api-sports.io/football/teams/21.png","WW",2020,2,0,2,2,0,2,0,0,0,0,0,0,6,0,6,0,0,0
"300",10,"England","https://media.api-sports.io/football/teams/10.png","WW",2020,2,0,2,2,0,2,0,0,0,0,0,0,6,0,6,0,0,0
"301",24,"Poland","https://media.api-sports.io/football/teams/24.png","WW",2020,2,0,2,2,0,2,0,0,0,0,0,0,7,0,7,1,0,1
"302",1118,"Netherlands","https://media.api-sports.io/football/teams/1118.png","LD",2020,2,0,2,0,0,0,1,0,1,1,0,1,1,0,1,2,0,2
"303",775,"Austria","https://media.api-sports.io/football/teams/775.png","WW",2020,1,1,2,1,1,2,0,0,0,0,0,0,2,3,5,1,0,1
"304",2,"France","https://media.api-sports.io/football/teams/2.png","WL",2020,2,0,2,1,0,1,0,0,0,1,0,1,7,0,7,3,0,3
"305",1,"Belgium","https://media.api-sports.io/football/teams/1.png","DW",2020,2,0,2,1,0,1,1,0,1,0,0,0,3,0,3,2,0,2
"306",774,"Romania","https://media.api-sports.io/football/teams/774.png","W",2020,1,0,1,1,0,1,0,0,0,0,0,0,5,0,5,3,0,3
"307",772,"Ukraine","https://media.api-sports.io/football/teams/772.png","LL",2020,0,2,2,0,0,0,0,0,0,0,2,2,0,1,1,0,9,9
"308",777,"Turkey","https://media.api-sports.io/football/teams/777.png","DD",2020,1,1,2,0,0,0,1,1,2,0,0,0,3,3,6,3,3,6
"309",27,"Portugal","https://media.api-sports.io/football/teams/27.png","DW",2020,2,0,2,1,0,1,1,0,1,0,0,0,7,0,7,0,0,0
"310",770,"Czech Republic","https://media.api-sports.io/football/teams/770.png","WL",2020,0,2,2,0,1,1,0,0,0,0,1,1,0,2,2,0,2,2
"311",25,"Germany","https://media.api-sports.io/football/teams/25.png","DW",2021,2,0,2,1,0,1,1,0,1,0,0,0,8,0,8,2,0,2
"312",1108,"Scotland","https://media.api-sports.io/football/teams/1108.png","DW",2021,0,2,2,0,1,1,0,1,1,0,0,0,0,3,3,0,2,2
"313",769,"Hungary","https://media.api-sports.io/football/teams/769.png","WD",2021,2,0,2,1,0,1,1,0,1,0,0,0,1,0,1,0,0,0
"314",15,"Switzerland","https://media.api-sports.io/football/teams/15.png","WWWW",2021,4,0,4,4,0,4,0,0,0,0,0,0,14,0,14,4,0,4
"315",9,"Spain","https://media.api-sports.io/football/teams/9.png","DW",2021,2,0,2,1,0,1,1,0,1,0,0,0,4,0,4,0,0,0
"316",3,"Croatia","https://media.api-sports.io/football/teams/3.png","DL",2021,1,1,2,0,0,0,1,0,1,0,1,1,1,0,1,1,1,2
"317",768,"Italy","https://media.api-sports.io/football/teams/768.png","WW",2021,2,0,2,2,0,2,0,0,0,0,0,0,11,0,11,0,0,0
"318",778,"Albania","https://media.api-sports.io/football/teams/778.png","DL",2021,0,2,2,0,0,0,0,1,1,0,1,1,0,1,1,0,3,3
"319",1091,"Slovenia","https://media.api-sports.io/football/teams/1091.png","DW",2021,1,1,2,1,0,1,0,1,1,0,0,0,6,1,7,0,1,1
"320",21,"Denmark","https://media.api-sports.io/football/teams/21.png","DW",2021,1,1,2,1,0,1,0,1,1,0,0,0,2,1,3,0,1,1
"321",14,"Serbia","https://media.api-sports.io/football/teams/14.png","DDDLWW",2021,2,4,6,1,1,2,1,2,3,0,1,1,5,4,9,1,1,2
"322",10,"England","https://media.api-sports.io/football/teams/10.png","WW",2021,2,0,2,2,0,2,0,0,0,0,0,0,2,0,2,0,0,0
"323",24,"Poland","https://media.api-sports.io/football/teams/24.png","DD",2021,2,0,2,0,0,0,2,0,2,0,0,0,3,0,3,3,0,3
"324",1118,"Netherlands","https://media.api-sports.io/football/teams/1118.png","DW",2021,2,0,2,1,0,1,1,0,1,0,0,0,5,0,5,2,0,2
"325",775,"Austria","https://media.api-sports.io/football/teams/775.png","LD",2021,1,1,2,0,0,0,1,0,1,0,1,1,0,0,0,0,1,1
"326",2,"France","https://media.api-sports.io/football/teams/2.png","WW",2021,2,0,2,2,0,2,0,0,0,0,0,0,6,0,6,0,0,0
"327",1,"Belgium","https://media.api-sports.io/football/teams/1.png","DW",2021,2,0,2,1,0,1,1,0,1,0,0,0,2,0,2,1,0,1
"328",773,"Slovakia","https://media.api-sports.io/football/teams/773.png","DD",2021,1,1,2,0,0,0,1,1,2,0,0,0,1,0,1,1,0,1
"329",774,"Romania","https://media.api-sports.io/football/teams/774.png","LL",2021,1,1,2,0,0,0,0,0,0,1,1,2,1,0,1,2,1,3
"330",772,"Ukraine","https://media.api-sports.io/football/teams/772.png","DWWDD",2021,4,1,5,2,0,2,2,1,3,0,0,0,7,1,8,2,1,3
"331",777,"Turkey","https://media.api-sports.io/football/teams/777.png","WDW",2021,3,0,3,2,0,2,1,0,1,0,0,0,4,0,4,1,0,1
"332",1104,"Georgia","https://media.api-sports.io/football/teams/1104.png","WLLW",2021,1,3,4,1,1,2,0,0,0,0,2,2,1,3,4,0,8,8
"333",27,"Portugal","https://media.api-sports.io/football/teams/27.png","DWWW",2021,2,2,4,2,1,3,0,1,1,0,0,0,7,3,10,0,1,1
"334",770,"Czech Republic","https://media.api-sports.io/football/teams/770.png","LWDW",2021,3,1,4,2,0,2,1,0,1,0,1,1,11,0,11,2,4,6
"335",25,"Germany","https://media.api-sports.io/football/teams/25.png","WDW",2022,1,2,3,1,1,2,0,1,1,0,0,0,2,2,4,0,1,1
"336",1108,"Scotland","https://media.api-sports.io/football/teams/1108.png","DDL",2022,1,2,3,0,0,0,1,1,2,0,1,1,1,3,4,1,4,5
"337",769,"Hungary","https://media.api-sports.io/football/teams/769.png","LWDW",2022,2,2,4,1,1,2,0,1,1,1,0,1,2,3,5,2,2,4
"338",15,"Switzerland","https://media.api-sports.io/football/teams/15.png","LDL",2022,1,2,3,0,0,0,1,0,1,0,2,2,1,1,2,1,4,5
"339",9,"Spain","https://media.api-sports.io/football/teams/9.png","WWW",2022,2,1,3,2,1,3,0,0,0,0,0,0,7,3,10,1,1,2
"340",3,"Croatia","https://media.api-sports.io/football/teams/3.png","DWW",2022,2,1,3,1,1,2,1,0,1,0,0,0,3,1,4,2,0,2
"341",768,"Italy","https://media.api-sports.io/football/teams/768.png","WLWL",2022,1,3,4,0,2,2,0,0,0,1,1,2,0,6,6,3,5,8
"342",778,"Albania","https://media.api-sports.io/football/teams/778.png","LDDDLLW",2022,4,3,7,1,0,1,2,1,3,1,2,3,3,2,5,3,4,7
"343",1091,"Slovenia","https://media.api-sports.io/football/teams/1091.png","DDWW",2022,1,3,4,1,1,2,0,2,2,0,0,0,1,3,4,0,2,2
"344",21,"Denmark","https://media.api-sports.io/football/teams/21.png","LW",2022,1,1,2,1,0,1,0,0,0,0,1,1,3,2,5,0,4,4
"345",14,"Serbia","https://media.api-sports.io/football/teams/14.png","WLW",2022,0,3,3,0,2,2,0,0,0,0,1,1,0,6,6,0,4,4
"346",10,"England","https://media.api-sports.io/football/teams/10.png","WW",2022,2,0,2,2,0,2,0,0,0,0,0,0,5,0,5,1,0,1
"347",24,"Poland","https://media.api-sports.io/football/teams/24.png","DW",2022,1,1,2,1,0,1,0,1,1,0,0,0,1,1,2,0,1,1
"348",1118,"Netherlands","https://media.api-sports.io/football/teams/1118.png","WD",2022,2,0,2,1,0,1,1,0,1,0,0,0,5,0,5,3,0,3
"349",775,"Austria","https://media.api-sports.io/football/teams/775.png","DWW",2022,2,1,3,1,1,2,1,0,1,0,0,0,4,1,5,2,0,2
"350",2,"France","https://media.api-sports.io/football/teams/2.png","WW",2022,2,0,2,2,0,2,0,0,0,0,0,0,7,0,7,1,0,1
"351",1,"Belgium","https://media.api-sports.io/football/teams/1.png","DWL",2022,2,1,3,1,0,1,0,1,1,1,0,1,4,2,6,2,2,4
"352",773,"Slovakia","https://media.api-sports.io/football/teams/773.png","LWDD",2022,1,3,4,0,1,1,1,1,2,0,1,1,0,4,4,0,4,4
"353",774,"Romania","https://media.api-sports.io/football/teams/774.png","LDLW",2022,2,2,4,0,1,1,0,1,1,2,0,2,1,7,8,3,2,5
"354",777,"Turkey","https://media.api-sports.io/football/teams/777.png","LWW",2022,3,0,3,2,0,2,0,0,0,1,0,1,6,0,6,5,0,5
"355",1104,"Georgia","https://media.api-sports.io/football/teams/1104.png","WDL",2022,0,3,3,0,1,1,0,1,1,0,1,1,0,1,1,0,3,3
"356",27,"Portugal","https://media.api-sports.io/football/teams/27.png","W",2022,1,0,1,1,0,1,0,0,0,0,0,0,4,0,4,0,0,0
"357",770,"Czech Republic","https://media.api-sports.io/football/teams/770.png","DWL",2022,1,2,3,1,0,1,0,1,1,0,1,1,5,2,7,0,3,3
"358",1108,"Scotland","https://media.api-sports.io/football/teams/1108.png","WWWWWLDD",2023,4,4,8,3,2,5,1,1,2,0,1,1,10,7,17,3,5,8
"359",769,"Hungary","https://media.api-sports.io/football/teams/769.png","WDWWWDDW",2023,4,4,8,4,1,5,0,3,3,0,0,0,10,6,16,2,5,7
"360",15,"Switzerland","https://media.api-sports.io/football/teams/15.png","WWWDDWDDDL",2023,5,5,10,2,2,4,3,2,5,0,1,1,12,10,22,6,5,11
"361",9,"Spain","https://media.api-sports.io/football/teams/9.png","WLWWWWWW",2023,4,4,8,4,3,7,0,0,0,0,1,1,14,11,25,1,4,5
"362",3,"Croatia","https://media.api-sports.io/football/teams/3.png","DWWWLLWW",2023,4,4,8,2,3,5,1,0,1,1,1,2,7,6,13,2,2,4
"363",768,"Italy","https://media.api-sports.io/football/teams/768.png","LWDWWLWD",2023,4,4,8,3,1,4,0,2,2,1,1,2,12,4,16,5,4,9
"364",778,"Albania","https://media.api-sports.io/football/teams/778.png","LWWDWWDD",2023,4,4,8,3,1,4,1,2,3,0,1,1,7,5,12,0,4,4
"365",1091,"Slovenia","https://media.api-sports.io/football/teams/1091.png","WWLDWWWWLW",2023,5,5,10,4,3,7,1,0,1,0,2,2,12,8,20,4,5,9
"366",21,"Denmark","https://media.api-sports.io/football/teams/21.png","WLWDWWWWWL",2023,5,5,10,5,2,7,0,1,1,0,2,2,13,6,19,3,7,10
"367",14,"Serbia","https://media.api-sports.io/football/teams/14.png","WWDLWLWD",2023,4,4,8,2,2,4,1,1,2,1,1,2,8,7,15,5,4,9
"368",10,"England","https://media.api-sports.io/football/teams/10.png","WWWWDWWD",2023,4,4,8,4,2,6,0,2,2,0,0,0,14,8,22,1,3,4
"369",24,"Poland","https://media.api-sports.io/football/teams/24.png","LWLWLWDDWD",2023,5,5,10,3,1,4,2,1,3,0,3,3,10,5,15,3,8,11
"370",1118,"Netherlands","https://media.api-sports.io/football/teams/1118.png","LWWWLWWW",2023,4,4,8,3,3,6,0,0,0,1,1,2,8,9,17,2,5,7
"371",775,"Austria","https://media.api-sports.io/football/teams/775.png","WWDWWLWW",2023,4,4,8,3,3,6,0,1,1,1,0,1,10,7,17,5,2,7
"372",2,"France","https://media.api-sports.io/football/teams/2.png","WWWWWWWD",2023,4,4,8,4,3,7,0,1,1,0,0,0,21,8,29,0,3,3
"373",1,"Belgium","https://media.api-sports.io/football/teams/1.png","WDWWWWDW",2023,4,4,8,2,4,6,2,0,2,0,0,0,12,10,22,2,2,4
"374",773,"Slovakia","https://media.api-sports.io/football/teams/773.png","DWWWLWLWWW",2023,5,5,10,3,4,7,1,0,1,1,1,2,9,8,17,3,5,8
"375",774,"Romania","https://media.api-sports.io/football/teams/774.png","WWDDDWDWWW",2023,5,5,10,4,2,6,1,3,4,0,0,0,10,6,16,2,3,5
"376",772,"Ukraine","https://media.api-sports.io/football/teams/772.png","LWWDLWWDWW",2023,5,5,10,3,3,6,2,0,2,0,2,2,6,9,15,2,8,10
"377",777,"Turkey","https://media.api-sports.io/football/teams/777.png","WLWWDWWD",2023,4,4,8,2,3,5,1,1,2,1,0,1,7,7,14,3,4,7
"378",1104,"Georgia","https://media.api-sports.io/football/teams/1104.png","DWLLLWDLWD",2023,6,4,10,2,1,3,3,0,3,1,3,4,10,4,14,10,8,18
"379",27,"Portugal","https://media.api-sports.io/football/teams/27.png","WWWWWWWWWW",2023,5,5,10,5,5,10,0,0,0,0,0,0,21,15,36,2,0,2
"380",770,"Czech Republic","https://media.api-sports.io/football/teams/770.png","WDWDLWDW",2023,4,4,8,3,1,4,1,2,3,0,1,1,8,4,12,2,4,6
"381",25,"Germany","https://media.api-sports.io/football/teams/25.png","WLDLLLWWDLL",2023,7,4,11,2,1,3,1,1,2,4,2,6,12,5,17,16,6,22
"382",1108,"Scotland","https://media.api-sports.io/football/teams/1108.png","LL",2023,1,1,2,0,0,0,0,0,0,1,1,2,1,1,2,3,4,7
"383",769,"Hungary","https://media.api-sports.io/football/teams/769.png","WD",2023,2,0,2,1,0,1,1,0,1,0,0,0,2,0,2,1,0,1
"384",778,"Albania","https://media.api-sports.io/football/teams/778.png","W",2023,1,0,1,1,0,1,0,0,0,0,0,0,2,0,2,0,0,0
"385",14,"Serbia","https://media.api-sports.io/football/teams/14.png","WWL",2023,1,2,3,1,1,2,0,0,0,0,1,1,3,2,5,2,2,4
"386",10,"England","https://media.api-sports.io/football/teams/10.png","WW",2023,1,1,2,1,1,2,0,0,0,0,0,0,1,3,4,0,1,1
"387",24,"Poland","https://media.api-sports.io/football/teams/24.png","WW",2023,2,0,2,2,0,2,0,0,0,0,0,0,3,0,3,0,0,0
"388",775,"Austria","https://media.api-sports.io/football/teams/775.png","DW",2023,2,0,2,1,0,1,1,0,1,0,0,0,3,0,3,1,0,1
"389",2,"France","https://media.api-sports.io/football/teams/2.png","LW",2023,1,1,2,1,0,1,0,0,0,0,1,1,4,1,5,1,2,3
"390",1,"Belgium","https://media.api-sports.io/football/teams/1.png","WW",2023,1,1,2,1,1,2,0,0,0,0,0,0,1,3,4,0,2,2
"391",772,"Ukraine","https://media.api-sports.io/football/teams/772.png","D",2023,0,1,1,0,0,0,0,1,1,0,0,0,0,3,3,0,3,3
"392",777,"Turkey","https://media.api-sports.io/football/teams/777.png","LW",2023,0,2,2,0,1,1,0,0,0,0,1,1,0,5,5,0,6,6
"393",1104,"Georgia","https://media.api-sports.io/football/teams/1104.png","WW",2023,2,0,2,2,0,2,0,0,0,0,0,0,14,0,14,1,0,1
"394",770,"Czech Republic","https://media.api-sports.io/football/teams/770.png","WD",2023,0,2,2,0,1,1,0,1,1,0,0,0,0,5,5,0,2,2
"395",25,"Germany","https://media.api-sports.io/football/teams/25.png","WW",2024,1,1,2,1,1,2,0,0,0,0,0,0,2,2,4,1,0,1
"396",1108,"Scotland","https://media.api-sports.io/football/teams/1108.png","LL",2024,1,1,2,0,0,0,0,0,0,1,1,2,0,0,0,1,4,5
"397",769,"Hungary","https://media.api-sports.io/football/teams/769.png","WW",2024,2,0,2,2,0,2,0,0,0,0,0,0,3,0,3,0,0,0
"398",15,"Switzerland","https://media.api-sports.io/football/teams/15.png","DW",2024,0,2,2,0,1,1,0,1,1,0,0,0,0,1,1,0,0,0
"399",9,"Spain","https://media.api-sports.io/football/teams/9.png","LD",2024,2,0,2,0,0,0,1,0,1,1,0,1,3,0,3,4,0,4
"400",3,"Croatia","https://media.api-sports.io/football/teams/3.png","DW",2024,0,2,2,0,1,1,0,1,1,0,0,0,0,4,4,0,2,2
"401",768,"Italy","https://media.api-sports.io/football/teams/768.png","WW",2024,1,1,2,1,1,2,0,0,0,0,0,0,2,2,4,1,0,1
"402",778,"Albania","https://media.api-sports.io/football/teams/778.png","LL",2024,1,1,2,0,0,0,0,0,0,1,1,2,0,0,0,3,1,4
"403",1091,"Slovenia","https://media.api-sports.io/football/teams/1091.png","WDW",2024,1,2,3,1,1,2,0,1,1,0,0,0,2,3,5,0,2,2
"404",21,"Denmark","https://media.api-sports.io/football/teams/21.png","DW",2024,2,0,2,1,0,1,1,0,1,0,0,0,2,0,2,0,0,0
"405",14,"Serbia","https://media.api-sports.io/football/teams/14.png","LW",2024,0,2,2,0,1,1,0,0,0,0,1,1,0,1,1,0,4,4
"406",10,"England","https://media.api-sports.io/football/teams/10.png","LD",2024,2,0,2,0,0,0,1,0,1,1,0,1,2,0,2,3,0,3
"407",1118,"Netherlands","https://media.api-sports.io/football/teams/1118.png","WL",2024,1,1,2,1,0,1,0,0,0,0,1,1,4,1,5,0,2,2
"408",775,"Austria","https://media.api-sports.io/football/teams/775.png","WW",2024,1,1,2,1,1,2,0,0,0,0,0,0,6,2,8,1,0,1
"409",2,"France","https://media.api-sports.io/football/teams/2.png","LW",2024,2,0,2,1,0,1,0,0,0,1,0,1,3,0,3,4,0,4
"410",1,"Belgium","https://media.api-sports.io/football/teams/1.png","DD",2024,0,2,2,0,0,0,0,2,2,0,0,0,0,2,2,0,2,2
"411",773,"Slovakia","https://media.api-sports.io/football/teams/773.png","LD",2024,1,1,2,0,0,0,0,1,1,1,0,1,0,1,1,2,1,3
"412",774,"Romania","https://media.api-sports.io/football/teams/774.png","DL",2024,1,1,2,0,0,0,1,0,1,0,1,1,1,2,3,1,3,4
"413",777,"Turkey","https://media.api-sports.io/football/teams/777.png","LL",2024,0,2,2,0,0,0,0,0,0,0,2,2,0,1,1,0,7,7
"414",27,"Portugal","https://media.api-sports.io/football/teams/27.png","WL",2024,1,1,2,1,0,1,0,0,0,0,1,1,5,0,5,2,2,4
"415",770,"Czech Republic","https://media.api-sports.io/football/teams/770.png","WW",2024,1,1,2,1,1,2,0,0,0,0,0,0,2,2,4,1,1,2
